Yo siempre compro aquí,9995,9995
"yo recomiendo Nespresso, pero creo que la empres de mensajeria por la cual me enviaron el pedido es pesima.","104,9995","104,9995"
Ya van más de 15 días desde que notifiqué el problema con mi máquina y todavía no la recogen.,402,402
"Ya que recicláis las cápsulas, deberíais dar las bolsas para su reciclado. Siempre las pido y casi nunca te las dan, me parece incoherente con la política de gestión de residuos y cuidado del medio ambiente. Me FASTIDIA muchísimo estar mendigándolas, TENDRÍA que SER INICIATIVA DE NESPRESSO.",301,301
"Ya no hay nada que hacer. La próxima vez tendré más cuidado con sus promociones engañosas,",203,203
Ya hace más de 20 días que reporté el fallo de mi cafetera y sigo sin noticias sobre la recogida.,402,402
Volvamos a ofrecer un café a los clientes. Gracias,702,"9201,9995"
Vivo en Segovia y no tengo ninguna manera de reciclar las cápsulas. Eso no me gusta nada.,301,301
Visité la tienda para comprar cápsulas de café Vertuo porque habia visto repetidamente una promoción de 60 cápsulas de regalo que actualmente continua publicándose.  Lamento decir que considero que es una publicidad engañosa ya que me explicaron que es solamente para los clientes que reciben un mail con la oferta.,203,203
Visitar una boutique de Nespresso es una experiencia agradable gracias al ambiente y la profesionalidad del personal.,9701,9701
Visitar la tienda Nespresso es como un paraíso para los amantes del café como yo.,9701,9701
Vinieron cápsulas en mal estado . Ni me las han devuelto . El pedido tarda siempre bastante más de lo que pone,"101,0102","101,0102"
Variedad y facilidad de uso en las cafeteras son ideales.,9201,9201
Valoro mucho los gestos de agradecimiento de Nespresso.,9203,9201
Valoro mucho el trato y la facilidad que encuentro en cada interacción con Nespresso.,9801,9801
Valoro la responsabilidad ambiental de esta marca.,9301,9301
"Valoro el trato, la diligencia y la amabilidad de la persona que nos atendió en Nespresso.",9701,9701
Valoraré siempre los obsequios en forma de cápsulas y las promociones que ofrecen.,9203,9201
Valorar positivamente los obsequios en forma de cápsulas y las promociones que han realizado.,9203,9201
"Valorar a los clientes es fundamental, y Nespresso lo hace bien.",9203,9801
Valoran y responden objetivamente a los problemas.,9801,9801
Valoramos mucho las ofertas exclusivas.,9203,9201
Valoramos mucho el esfuerzo de Nespresso por cuidar a sus clientes.,9801,9801
Valorais mas a los nuevos socios que a a los que llevan tiempo con Nespresso,204,204
Valoración positiva por la rápida respuesta a mi reclamación al servicio técnico.,9401,9401
Una variedad impresionante de cafés con un servicio excelente.,9201,9201
Una tienda física cerca de casa sería ideal para evitar pedidos mínimos.,708,708
Una renovación de la tienda de Alicante sería bienvenida para disfrutar del café de manera más cómoda.,708,"9701,9702"
"Una promoción real que tenía fue negada por la empresa, lo que me hizo sentir engañada.",203,203
"Una máquina nesspreso Vertuo, tengo dos. Una de ellas con poco más de dos años no funciona. Una máquina que no tiene un uso excesivo. Arreglarla cuesta ahora más que comprar una nueva. Con el servicio técnico gaste un montón de pastillas, líquido para limpiar,… y al final no sirvió para nada. ",406,406
Una limitación notable del personal de Nespresso es su falta de autonomía para ayudar en cuestiones relacionadas con los datos de los usuarios.,808,808
"Una experiencia lamentable con el servicio técnico, sin duda. simplemente porque creo que las cápsulas de aluminio son poco ecológicas","406,0302","301,0206"
"Una experiencia lamentable con el servicio técnico, sin duda. Pedí cápsulas de café específicas, y me entregaron una variedad diferente que no quería.","406,0103",203
"Una experiencia lamentable con el servicio técnico, sin duda. Mi pedido se ha retrasado dos veces consecutivas, y ya no confío en que llegue a tiempo.","406,0102",402
"Una experiencia lamentable con el servicio técnico, sin duda. Me siento completamente cómodo con el reciclaje.","406,9301","406,9301"
"Una experiencia lamentable con el servicio técnico, sin duda.",406,406
"Una decepcion porque la maquina que me dejaron de cortesia no funcionaba, de hecho me lleno toda la encimera de agua. Y no debo ser la unica, porque conozco mas personas por mi zona que han tenido situaciones incluso peores...",405,405
Una de las cajas de cápsulas en mi último pedido llegó con las cápsulas aplastadas y no recibí ninguna solución por parte de la empresa.,"101,0808",101
Una cápsula estaba reventada dentro del tubo,101,206
"Una cafetera se termina la garantía y se estropea y ahora vale más arreglarla que comprar una nueva y todo esto comprando siempre cápsulas originales Nespreso  , no sé hasta qué punto ni mi saldría mejor por comprar Cápsulas más baratas si la cafetera se va estropear igual ",207,207
"Una cafetera se termina la garantía y se estropea y ahora vale más arreglarla que comprar una nueva y todo esto comprando siempre cápsulas originales Nespreso  , no sé hasta qué punto ni mi saldría mejor por comprar Cápsulas más baratas si la cafetera se va estropear igual ",207,207
Una boutique Nespresso en Cádiz sería bienvenida.,708,708
Una boutique en el centro de la ciudad sería una recomendación más sólida para Nespresso.,708,9708
Una atención estupenda y con respuesta y solución inmediata a mi problema.,9801,9801
Un sistema de recogida de cápsulas a domicilio aumentaría la tasa de reciclaje.,301,301
Un sistema de depósito para cápsulas podría incentivar el reciclaje.,301,301
Un servicio de suscripción para reciclar cápsulas podría ser muy efectivo.,301,"301,9201"
Un sabor único que no se encuentra en ningún otro lugar.,9201,9201
Un punto de recogida en Zumaia (Gipuzkoa) sería de utilidad para quienes no pueden acudir a una tienda Nespresso.,708,708
Un producto exquisito y una empresa muy fiable.,9201,"9201,9201"
Un producto distinguido respaldado por una empresa seria.,9201,9201
Un producto de calidad con una amplia variedad de opciones.,9201,9201
Un lema bien elaborado puede llegar a convertirse en sinónimo de una marca.,9202,9202
Un eslogan bien formulado puede convertirse en sinónimo de una marca.,9202,9995
Un buen eslogan puede hacer que recuerde una marca.,9202,9201
Un ajuste de precios podría ser beneficioso para alcanzar a un público más amplio.,201,201
"Últimamente, Nespresso ha estado haciendo cambios constantes en sus cafés.",208,208
"Últimamente, mi percepción de Nespresso ha disminuido debido a su enfoque en promocionar nuevas cápsulas que no me atraen, y a un incremento de precios que parece estar oculto.","202,0201",201
"Últimamente, los paquetes de mis pedidos en línea han llegado en mal estado, lo que es preocupante.",101,101
Ultimamente no se da un cafe a probar cuando vas a los establecimientos,702,702
"Últimamente el servicio online es pésimo, voy a dejar de ser clienta después de 10 años con nexpreso, por el mal servicio que tengo, actualmente llevo días reclamando mi pedido y no me lo entregan ","501,0102",102
"Últimamente el servicio online es pésimo, voy a dejar de ser clienta después de 10 años con nexpreso, por el mal servicio que tengo, actualmente llevo días reclamando mi pedido y no me lo entregan ","501,0102",102
"Tuve una mala experiencia con el servicio de chat de Nespresso el pasado 16/11/2023; necesitaba hablar con un asesor, pero no hubo respuesta a mi solicitud.",501,808
Tuve una avería en una de mis cafeteras Nespresso y se la llevaron hasta en tres ocasiones para arreglarla. Es una latissima One y no se termino de solucionar hasta que me cambiaron por un recambio nuevo el contenedor de leche,401,401
"Tuve un problema significativo con la entrega de Seur: mi pedido de 226 euros llegó reprecintado y mal organizado, con varios paquetes de café abiertos o faltantes y una taza perdida.","101,0104",104
Tuve un problema con los cartuchos y parte de las cápsulas que venían tocados,101,101
"Tuve un problema con el envío recibido, llegó en mal estado. Pero ha sido solventado de manera agil y rápida por el servicio de nespresso. ","101,9401","101,9401"
"Tuve un problema con el envío de mi pedido, pero se resolvió en menos de 24 horas gracias a su eficacia.",9801,"9101,9401,9801"
"Tuve un problema al recibir aviso de que el pedido había sido entregado y no fue así, hablé con el repartidor lo habia dejado en la dirección indicada siendo mentira, y que volvería a hablar con el y me dirían algo. nadie volvió a contactarme. Encontré la caja en el restaurante al dia siguiente, cuando especifica la dirección que es el 1ª. Al restaurante llegan infinidad de cajas y pedidos y luego es díficl saber quien lo recoge y donde lo pone.",102,102
"Tuve un pequeño inconveniente con una devolución, pero por lo demás, todo bien.","103,9995","103,9995"
Tuve que reclamar varias veces para obtener una solución.,808,808
"Tuve que realizar un nuevo pedido porque la empresa de transporte afirmó que no estábamos en casa, lo cual no era cierto.",104,104
Tuve que ponerme en contacto varias veces para obtener información sobre mi pedido.,808,808
"Tuve que desplazarme a un centro de recogida debido a problemas con la entrega, a pesar de haber solicitado la entrega a domicilio.",102,102
tuve problemas en la compañía de reparto.,104,104
"Trato excelente en tienda. Profesional, correcto, educado, amablem",9701,9701
"Tras varios intentos fallidos, finalmente no pude realizar mi pedido online.",501,501
"Tras varias reparaciones, mi cafetera todavía no prepara correctamente el café.",401,401
"Tras un problema con mi máquina en garantía, tuve que pagar por la reparación debido a la falta de ticket de compra.",202,401
"Tras ser reparada, mi cafetera aún tiene problemas con el filtro.",401,401
"Tras repararla, la cafetera sigue sin espumar la leche adecuadamente.",401,401
"Tras recibir mi máquina del taller, continúa con dificultades en el dispensador.",401,401
"Tras probar otras marcas, me decantó por las otras",95,9201
"Tras ofrecerme una taza por mi compra y corroborarlo telefónicamente con un trabajador de Nespresso, no le llegó nada en la caja del pedido de dicha raza promocionada y conseguida por el número de cápsulas compradas.",202,202
"Tras múltiples intentos fallidos, desistí de realizar mi pedido en línea.",501,501
"Tras esperar pacientemente, aún no han venido a recoger mi máquina estropeada, a pesar de estar en garantía.",402,402
Tras dos meses sigo esperando mi cafetera. Lo mas molesto todavía es tener en casa la disco box y que nadie pasara a por ella con mi cafetera averiada.,402,402
Tras 6 meses de suscripción y más de 120€ gastados en cápsulas valoraríamos que mandaran alguna cápsula de prueba de nuevos sabores etc.,205,202
"Totalmente las explicaciones que me dieron, no se ajustaban a la realidad, tomadura de pelo en las promociones.",203,203
"Todo salió muy bien, desde el trato de la dependienta hasta la rapidez del servicio.",9701,9701
"Todo perfecto menos el servicio de mensajería que falla de vez en cuando,",104,"104,0102"
Todo ha ido bien️ llevábamos tiempo que nos fallaba la cafetera y la hemos mandado al servicio técnico y nos han mandado cafetera de repuesto mientras la reparan. Aunque no la usaremos porque tenemos otra en casa del modelo anterior,9401,9401
"Todo es perfecto: la app, el producto y la entrega.",9501,9101
Todo es mejorable,208,208
Todavía tengo la máquina averiada en casa desde el domingo,402,401
Todavía no tengo arreglada mi máquina Nespresso.,403,401
"Todavía no sé cuál es mi reward de aniversario, a pesar de haber realizado compras de cápsulas.",204,204
Todavía no me han devuelto mi máquina.,403,403
Todavía estoy esperando que cambien mi cafetera,202,202
"Todavía estoy esperando la máquina, que aparentemente está retrasada, así que mi experiencia hasta ahora ha sido terrible, especialmente después de haber invertido tanto en café.",403,102
Tienen que mejorar la calidad y la variedad de los descafeinados. Vivo en Segovia y no tengo ninguna manera de reciclar las cápsulas. Eso no me gusta nada.,"0206,0301,0208","0206,0301,0208"
Tienen que mejorar la calidad y la variedad de los descafeinados.,206,206
Tiene margen de mejora. No fue la mejor experiencia.,808,808
"Tenía un descuento en cápsulas, pero las enviaron sin preguntar si me venía bien o no.",203,203
"Tengo una suscripción que debo hacer un pedido mensual y este mes de enero falló, hice el pedido de cafés y me cobraron el importe del pedido más el importe de la suscripción, no me lo descontaron y tuve que llamar por telefono",205,205
Tengo una màquina reparando más de un mes!!!!!!!,403,401
"Tengo una máquina que simplemente no hace café, es frustrante.",207,207
Tengo una máquina nueva vertuo y no me gusta nada prefería el modelo clásico mucho mejor,207,207
"Tengo una excelente forma de reciclar las cápsulas, ya que las recogen en Mercadona y las redirigen a ustedes.",9301,9301
Tengo una cafetera Vertuo y me gustaría tener más opciones de descafeinados de doble espresso.,206,206
"Tengo un problema en mi cuenta de suscripción, lo he comunicado y casi un mes después está todo igual. Nadie se ha puesto en contacto conmigo y mi cuenta está bloqueada. No estoy nada contenta con el servicio postventa.",205,205
Tengo un problema con mi cafetera y tras pasar por taller no se ha solucionado,401,401
"Tengo problemas recurrentes con mi máquina Vertuo, y el soporte al cliente no me proporciona soluciones efectivas.",406,406
Tengo problemas para entender por qué algunas cápsulas que siempre pedía han desaparecido de mis pedidos anteriores sin previo aviso.,206,206
Tengo la impresión de que el café de Nespresso cada vez es más suave.,208,208
Tener un punto de reciclaje de cápsulas en mi barrio sería ideal.,301,9301
Tener que desplazarme a otra ciudad para comprar cápsulas Nespresso es poco conveniente.,708,206
"Te venden algo que no cumple con lo que dicen, me parece una posventa malísima,",203,202
Te daría un 10 si a la entrega pudiéramos depositar las cápsulas para su reciclaje,301,9301
Tardaron mucho en recoger mi cafetera para reparar,402,402
Tardan mucho en arreglar el problema,403,402
Su enfoque en la publicidad basada en valores ha resonado profundamente con el público.,9202,9202
Siempre son rápidos y precisos en la entrega de pedidos.,9101,9101
Siempre me voy de la boutique de Nespresso inspirado para experimentar más con el café en casa.,9701,9701
"Siempre me sorprenden con regalos especiales en mis compras regulares de café. Aunque tuve un problema con mi vertuo y lo llevé al servicio técnico, finalmente me lo devolvieron en buen estado y pude disfrutar de café nuevamente.","9203,9401","9201,9401"
Siempre encuentro un nuevo sabor favorito cada vez que participo en una sesión de degustación.,9702,9702
"Si, se valoraria mucho que hubiera mas ofertas para buenos y fieles clientes .",202,202
Sería ideal tener cápsulas de café que no comprometan el medio ambiente.,302,301
Seguir mejorando y facilitar la recogida de capsulas,301,301
"Se equivocaron con mi último pedido duplicando el número de cápsulas, y tardaron mucho en hacer la devolución.","103,0102","103,0102"
"Recibí mi pedido de Nespresso, pero faltaban varias cápsulas. Llamé y me aseguraron que enviarían las faltantes, pero aún no han llegado.",103,103
Realizar pedidos en línea es un proceso rápido y sencillo.,9501,9501
"Realicé un pedido grande de Nespresso, pero al revisar, faltaban varios productos.",103,103
"Prometieron enviarme una máquina de cortesía, pero nunca llegó y tuve que lidiar con la falta de café.",405,401
Probar nuevos blends y orígenes me ha ampliado mis horizontes de café.,9702,9201
Prefiero opciones de café más ecológicas que no impliquen tanto desperdicio.,302,301
Porque últimamente los empleados ya no te ofrecen un café para probar sabores nuevos ni te invitan a degustar un café como antes. Se ha vuelto una experiencia de tienda normal al uso.,702,702
Pedí cápsulas de café específicas y me dieron una variedad diferente que no quería.,103,203
Ofreceis buen servicio en general.,9801,9801
Nunca volveré a comprar productos de esta marca.,208,208
Nunca tienen café fresco en existencia.,206,206
"Nunca me informan de las nuevas promociones, y esto me hace sentir que no valoran a los clientes.",202,202
Nunca me canso de probar los diferentes cafés en Nespresso.,9201,9201
Nunca imaginé que la reparación de mi cafetera Nespresso tardaría tanto y con tan poca información.,404,402
No veo ninguna razón para seguir siendo leal,204,204
No tienen palabras,95,208
No tengo idea de cuándo el servicio técnico terminará con la reparación de mi máquina.,404,404
"No sé qué decir, fue una compra sin más.",9,9
"No recomendaría este servicio técnico a nadie, es realmente deficiente. Deben tener un servicio de recogida de la máquina vieja que ha dejado de funcionar, si ese fuera el caso, de la misma manera que cuando envían cápsulas a casa, ofrecen el servicio de recogida de cápsulas para reciclar y siempre regalan bolsas de reciclaje con cada compra de cápsulas.","406,9301",406
No puedo creer que tengan la audacia de ofrecer un servicio técnico tan malo.,406,406
No puedo creer que el servicio técnico no me haya contactado aún sobre mi cafetera.,404,404
"No puedo creer lo fácil que es comprar en línea, sin errores en su sitio web. Los beneficios por ser cliente habitual hacen que me sienta valorado.","9501,9203","9201,9501,9995"
"No puedo creer lo desinteresados que son en tiendas que venden estos productos, es una vergüenza.",601,601
No puedo creer lo costosos que son estos productos. Es un robo. Disfruto del rico sabor y la variedad de opciones que ofrece.,"201,9201","201,9201"
No puedo confiar en estos productos.,208,208
No puedo confiar en el plan de suscripción. Siempre hay errores en la facturación.,205,205
No puedo apoyar una empresa que ignora la sostenibilidad.,302,302
No me han solucionado el problema,406,406
No me han dicho todavía que le ocurre a mi cafetera,404,404
No me han ayudado para conseguir entrar en mi perfil. al introducir mi correo y contaseña en el sistema sale el error. Y no puedo ni entrar en mi perfil ni disfrutar de la experiencia,501,501
No he recibido ninguna noticia del servicio técnico sobre mi cafetera desde hace días.,404,404
"No han hecho lo que prometieron El café no sale muy caliente , está es la pega que yo veo","203,0208","203,0208"
No estoy satisfecho con las opciones de garantía que ofrece esta empresa.,202,202
"Nespresso tiene que tener un servicio al cliente al nivel de de la imagen que proyectan. Si una factura no es clara, se modifica y se da una respuesta adecuada al cliente. Además, el último contacto no tuvo respuesta. Incomprensible.",808,808
Necesitaba el café y por problemas de Seur no me llegó a tiempo,104,104
Nada en particular que mencionar.,9,9
nada,9,9
Muy,9,9201
Mi vendedora en Media Markt demostró una amabilidad y experiencia excepcionales.,9601,9601
"Mi valoración tiene que ver con el producto que compré, el de cacao y vainilla, me decepcionaron... no noté ningún sabor y mucho menos una diferencia.",206,206
Mi último pedido tardo en llegar más de 14 días. Nefasto el servicio de entrega.,102,102
"Mi pedido se ha entregado puntualmente dos veces consecutivas, y confío plenamente en su puntualidad.",9101,9101
Mi pedido llegó incorrectamente y ahora tengo que esperar a que se resuelva.,103,103
Mi máquina volvió del servicio técnico y ahora calienta perfectamente. Estoy satisfecho con su trabajo.,9401,9401
"Mi máquina no calienta después de la reparación, ¿qué están haciendo en el servicio técnico? Me gustaría que los productos fueran más fáciles de encontrar.","401,0208","0401,0208,0206"
Mi máquina de café ha estado funcionando sin problemas desde que fue reparada. El plan de suscripción es más complicado de lo que parece. Las facturas son un enigma.,"0201,9401,0205","9401,0205,0201"
Mi incidente fue resuelto de manera profesional y perfecta.,9801,9801
Mi experiencia con la tienda del centro comercial Sant Cugat fue mala la chica me me atendió es muy estupida y sigue hablando con la compañera sin terminar de atender.,701,701
Mi cafetera siempre se descompone en el peor momento.,207,207
"Mi cafetera se retrasó dos veces consecutivas, y ya no confío en que llegue a tiempo.",102,102
Mi cafetera está en reparación y prometieron proporcionarme una máquina de cortesía. Pasaron semanas y nunca llegó. Me atendieron fatal en corte inglés,"405,0601","601,0402"
"Mi cafetera está en reparación y prometieron proporcionarme una máquina de cortesía. En poco tiempo, llegó y mejoró mi experiencia.",9401,9401
"Meh, no tengo nada especial que comentar.",9,9
Me siento frustrado por la falta de comunicación con respecto a recoger mi máquina para repararla.,404,404
"Me siento estafado por el servicio técnico que he recibido, es realmente lamentable.",406,406
Me siento culpable por comprar productos que no son sostenibles.,302,302
Me siento completamente cómodo con el reciclaje. El programa de puntos de la marca me permite obtener fantásticos obsequios.,"9301,9203","9301,9201"
"Me sentí desinteresado por parte de Nespresso cuando llamé para resolver un problema con mi pedido. Estoy contento porque el paquete llegó en excelente estado, sin ninguna abolladura, y el producto en su interior estaba impecable.","808,9101","0808,9101,9101"
"Me parece una opción poco ecológica Estoy cansado de esperar a que recojan mi máquina para reparar, el servicio es lento.","0404,302,0402","0301,0402,0404"
Me hubiera gustado que hubiera un servicio para aprovechar máquinas que pueden tener una segunda vida.,302,301
Me gustaría que potenciaseis mas el reciclado de cápsulas incentivando a los clientes con algún obsequio como premio a la fidelidad y al compromiso,301,301
Me gustaría que los cafés saliesen más calientes.,208,208
Me gustaría q hubiera mas promociones para los clientes fieles,204,204
Me enviaron una cafetera que no coincide en absoluto con lo que pedí. Esto es una gran molestia.,103,103
"Me enviaron un producto equivocado, y ahora tengo que lidiar con la molestia de la devolución.",103,103
Me engañaron con la publicidad de esta empresa. No volveré a confiar en ellos.,203,203
Me complace ver tantos esfuerzos para ser ecológicos.,9301,9301
Me atendieron fatal en corte inglés Mi cafetera está en reparación y prometieron proporcionarme una máquina de cortesía. Pasaron semanas y nunca llegó.,"601,0405",601
Me atendieron fatal en corte inglés Mi cafetera está en reparación y prometieron proporcionarme una máquina de cortesía. Pasaron semanas y nunca llegó.,"601,0405",601
"Me atendieron fatal en corte inglés Cada vez que intento comprar en línea, todo funciona sin problemas en su sitio web.","601,9501","601,9501"
Me alegra que mi cafetera ya no haga ruido después de la reparación. Las máquinas de café son muy elegantes y fáciles de operar.,"9401,9201","9401,9201"
Mal servicio técnico,406,406
Los productos son una decepción total.,208,203
Los productos no se adaptan a mis necesidades.,208,208
Los problemas de atención al cliente en las boutiques Nespresso perjudican la imagen de marca.,701,701
Los precios elevados de estos productos son una carga para mi presupuesto.,201,201
Los descuentos para suscriptores son mínimos; no vale la pena el compromiso a largo plazo.,202,202
"Los dependientes en las boutiques de Nespresso parecen estar en el negocio equivocado, deberían cambiar de profesión.",701,701
Los dependientes en grandes superficies como Amazon deberían ser más atentos; su desinterés es evidente.,601,601
Los dependientes aquí parecen no hacer caso a las necesidades de los clientes en las boutiques de Nespresso. Recibir una taza de regalo con mi pedido de café fue un detalle maravilloso.,"701,9203","701,9701"
"Los dependientes aquí parecen no hacer caso a las necesidades de los clientes en las boutiques de Nespresso. La compañía de reparto entregó el paquete a un vecino equivocado, y ahora estoy tratando de recuperarlo.","102,701,0104","0701,0104,0102"
Los costos de envío son excesivos y deberían eliminarse. Sólo encarecen las compras.,201,201
"Los constantes cierres de tiendas solo empeoran la situación, dejándonos con menos opciones. El paquete estaba visiblemente dañado, y al abrirlo, encontré que las cápsulas de café estaban abiertas y derramadas por todas partes.","708,0101","708,0101"
Los clientes experimentan una experiencia excepcional gracias a la atención y el interés genuino de los dependientes en las tiendas de Nespresso.,9701,9701
Los beneficios por ser cliente habitual hacen que me sienta valorado. La marca ha hecho un trabajo excepcional en diferenciarse con su marketing.,"9203,9202",9203
Los anuncios son engañosos. La empresa promete cosas que no cumple. Me gustaría que los productos fueran más fáciles de encontrar.,"0202,203,0208","0203,0202,0208"
Los anuncios son engañosos. La empresa promete cosas que no cumple. Lo único que mejoraría sería el reciclaje de las cápsulas,"203,0301","0203,0203,0301"
Los anuncios de esta empresa son pura fantasía. No se apegan a la realidad.,203,203
"Los accesos sin problemas al sitio web son un alivio, no tengo que preocuparme por obstáculos.",9501,9501
Los accesos sin problemas al sitio web siempre hacen que disfrute del café de esta marca en línea.,9501,9501
Los accesorios son una inversión inútil.,208,208
Los accesorios son frágiles y costosos.,208,208
Lo recomendaría si usan cápsulas de café.,9201,9201
"Llevo esperando la máquina de sustitución durante meses y aún no ha llegado. ¿Es esto un servicio al cliente? En la tienda Nespresso de la calle Principal, el servicio siempre es rápido y eficiente.","405,9701","0405,0405,9701"
Las máquinas de café son muy elegantes y fáciles de operar. La demora en la entrega de las reparaciones es frustrante.,"9201,0403","9201,0402"
Las cápsulas exclusivas para suscriptores no son tan especiales como se prometió.,205,202
"Las cápsulas de café que pedí llegaron en perfecto estado, y puedo disfrutar de mi café como de costumbre.","9201,9101","9101,9201"
"Lamentable CRM con los clientes históricos. Lejos de disculparse, me proponen aumentar una compra cuando ya les he informado que abandono la marca",204,202
"La variedad de sabores disponibles para degustar siempre me sorprende gratamente. Los dependientes en las boutiques de Nespresso son atentos y rápidos, lo que es altamente valorado.","9702,9701","9701,9701,9701"
La variedad de sabores disponibles para degustar siempre me sorprende gratamente. La presencia de un excelente servicio en línea es admirable en esta era digital. ¡Están haciendo un gran trabajo!,"9702,9501","9201,9501,9801"
"La última vez que fui a la boutique, la atención fue terrible.",701,701
La suscripción que tenemos no nos satisface del todo.,205,205
La red de tiendas es tan limitada que a menudo me encuentro buscando alternativas en otros lugares. Mi máquina de café ha estado funcionando sin problemas desde que fue reparada.,"708,9401","708,0401"
La red de tiendas es tan limitada que a menudo me encuentro buscando alternativas en otros lugares. La degustación de cápsulas nuevas me ayudó a descubrir mi nuevo sabor favorito.,"708,9702","708,9702"
"La rapidez, amabilidad y la solución eficaz a cualquier problema son aspectos que valoro mucho de Nespresso. La cortesía y profesionalismo en tiendas como El Corte Inglés que venden estos productos es excepcional.","9801,9601","9601,9701"
La promotora Conchi Vázquez en Media Markt Alcalá de Guadaíra fue la única que intentó ayudarme con este tema.,9601,9601
La página web de esta marca de café es tan poco usable que simplemente me rindo. Tienen que mejorar la calidad y la variedad de los descafeinados.,"501,0206",501
La página web de esta marca de café es tan funcional que aprovecho al máximo mi tiempo en ella.,9501,9501
La originalidad en la promoción de su producto es destacable. La atención a mis solicitudes ha sido decepcionante por parte de Nespresso.,"9202,0808","9201,0202"
La marca ha hecho un trabajo excepcional en diferenciarse con su marketing.,9202,9202
La máquina de sustitución que me proporcionaron estaba tan sucia que ni siquiera quise probarla. ¿Dónde está la higiene?,405,405
La máquina de sustitución que me dieron como cortesía estaba llena de problemas y no hacía café decente.,405,405
La máquina de sustitución fue de gran ayuda mientras reparaban la mía.,9401,9401
La máquina de reemplazo tenía marcas y arañazos en toda la superficie.,405,405
La manera en que la marca utiliza los datos para afinar su marketing es innovadora.,9202,9202
La mala atención al cliente en tiendas como Carrefour que ofrecen esta marca es un problema constante. La falta de flexibilidad y apertura en el proceso de degustación aquí es un inconveniente.,"601,0702","601,0702"
La lentitud en obtener ayuda del servicio técnico ha erosionado mi confianza en la marca de café. A la semana de llegarme la máquina se averió y me dijeron que no había stock así que me que de sin maquina,"404,0207",404
La lentitud en el servicio al cliente en las tiendas de Nespresso hace que uno se cuestione si debería seguir siendo cliente. No puedo creer que la cafetera haya llegado con un abollón en la parte frontal. ¿Cómo pueden enviar productos en este estado?,"701,0101","0701,0101,0404"
La lentitud en el proceso de recoger la cafetera para repararla es irritante.,402,402
La falta de transparencia en el proceso de comunicación con el servicio técnico es inaceptable y poco profesional. No creo que a Nespresso le importen sus clientes leales. No hay recompensas por ser fiel.,"404,0204","0204,0204,0204"
"La falta de tiendas en mi vecindario me hace considerar cambiar a otras marcas con mejor presencia. El café no sale muy caliente , está es la pega que yo veo","708,0208","0708,0206,0206"
La falta de puntualidad a la hora de recoger mi cafetera para repararla es inaceptable.,402,402
"La falta de profesionalismo y amabilidad de los dependientes en las tiendas de Nespresso es inaceptable. Siempre que llamo al servicio telefónico, encuentro a personas amables y eficientes que resuelven mis dudas rápidamente.","701,9801","701,9801"
"La falta de información y seguimiento por parte de Nespresso ha sido decepcionante. Mi cafetera debería haber llegado hace una semana, pero todavía no ha llegado. Esto es inaceptable.","808,0102",102
"La falta de flexibilidad y apertura en el proceso de degustación aquí es un inconveniente. La caferera vertuo no me gusta, sale el cafe frio","702,0207","0206,0702,0206"
"La falta de flexibilidad y apertura en el proceso de degustación aquí es un inconveniente. El pedido llegó con una pieza faltante, y esto afecta gravemente su funcionalidad.","702,0103","0702,0103,0103"
La falta de cortesía y profesionalismo en tiendas como El Corte Inglés que venden estos productos es inaceptable. La originalidad en la promoción de su producto es destacable.,"601,9202","601,9202"
La falta de claridad en el proceso de comunicación con el soporte técnico es una deficiencia importante que debe abordarse.,404,404
La facturación del plan de suscripción es un caos. No se corresponden con lo acordado.,205,205
"La estrategia de publicidad de la marca es muy efectiva y atractiva. El servicio de Nespresso es rápido y eficiente, y el trato siempre es amable y profesional.","9202,9401,9801","9202,9401,9801"
La entrega tardía de las reparaciones del servicio técnico es inaceptable.,403,402
"La entrega programada no la cumplen y ni avisan, nefasto servicio",102,102
"La empresa prometió cambiar el producto por uno nuevo, pero nunca lo hizo. Pésimo servicio. El sitio web de esta marca de café es un éxito total, los pagos en línea funcionan perfectamente.","202,9501","0103,0202,0501,9201,9501"
La empresa necesita mejorar urgentemente su política de garantía. La experiencia del cliente es mala.,202,"401,0406"
La empresa debería ser más considerada con los precios de estos productos.,201,201
La durabilidad de los accesorios deja mucho que desear.,208,208
La degustación es un recordatorio constante de por qué amo el café de Nespresso.,9702,9702
La degustación de cápsulas nuevas me ayudó a descubrir mi nuevo sabor favorito. Los accesorios no siempre son compatibles con todos los modelos.,"9702,0208","9702,9201,0206"
La cortesía y profesionalismo de los representantes en El Corte Inglés son notables y crean una experiencia positiva.,9601,9601
"La confirmación de mi pedido en línea tardó demasiado, estaba inseguro.",501,202
La compostación es otra forma efectiva de reducir los desechos.,9301,301
"La calidad del servicio técnico deja mucho que desear, no lo recomiendo.",406,406
La cafetera sigue sin funcionar correctamente tras su reparación en el servicio técnico.,401,401
La atención recibida en El Corte Inglés de Diagonal fue excepcional. Los precios de estos productos son exorbitantes. No puedo permitirme comprarlos.,"9601,0201","0601,0201,0009"
La atención recibida en El Corte Inglés de Diagonal fue excepcional. La falta de información y seguimiento por parte de Nespresso ha sido decepcionante.,"9601,0808","601,0202"
"La atención recibida en El Corte Inglés de Diagonal fue excepcional. La empresa prometió cambiar el producto por uno nuevo, pero nunca lo hizo. Pésimo servicio.","9601,0202","0601,0202,0202"
"La atención fue estupenda.la calidad de los productos, como siempre, muy buena.","9701,9201","9701,9201"
"La atención al cliente en este stand es excepcional y mejora la experiencia del evento, lo mismo ocurre en El Corte Inglés.",9601,"9601,9601,9601"
La atención a mis solicitudes ha sido decepcionante por parte de Nespresso. Excelente relación calidad-precio en sus productos.,"808,9201","808,9201"
La actitud y entusiasmo de los dependientes en El Corte Inglés fortalece mi elección de compra.,9601,9601
INTENTAR HACER CÀPSULAS ECOLÓGICAS.,302,9301
Indignante que tarden tanto en reparar mi máquina,403,402
Impresionante cómo han posicionado el producto en el mercado con su marketing. Lo único que mejoraría sería el reciclaje de las cápsulas,"9202,0301","9202,0301"
Hice una suscripción cuando compré una máquina y ahora resulta que cuando la inserto no funciona y he hablado con Nespresso y no me lo solucionan.,205,401
"Hice un pedido el 11 de agosto por teléfono, y el 19 de agosto ya lo había recibido puntualmente.",9101,9101
He tenido una mala experiencia con el servicio de atención al cliente de El Corte Inglés.,601,601
"He mandado a arreglar tres veces la cafetera, si me han dejado otra y no me he quedado sin café ningún día, pero espero que me den una nueva puesto que no tiene ni un año y ya no me fío de ella",207,"0405,9401,0401"
He hecho un pedido el 11de agosto por teléfono y hoy día 19 de agosto no lo he recibido...,102,102
"he enfrentado dificultades para comprar las ediciones especiales de Vertuo, como los sabores de pastel de calabaza y galleta de jengibre.",206,208
"Hay suficientes puntos de reciclaje disponibles. El café no sale muy caliente , está es la pega que yo veo","9301,0208","9301,0206,0009"
Han eliminado algunos cafés que no eran de edición limitada…,206,208
Han dejado de enviar las bolsas de reciclaje con los pedidos?,301,301
"Fue reconfortante descubrir que la caja de mi cafetera llegó en perfecto estado. Esta es una señal de un servicio de entrega cuidadoso y confiable. La máquina de sustitución que me dieron como cortesía no funcionaba correctamente, lo que hizo que mi experiencia fuera aún peor.","9101,0405","9101,9201,0405,0009"
Facilidad para hacer pedidos y rapidez en la entrega.,9501,"9101,9201"
Extraño tener la oportunidad de probar diferentes variedades de café antes de comprar.,702,9206
"Experimenté problemas similares dos veces al llamar a Nespresso; la primera vez me dijeron que estaba solucionado, pero no lo fue. Pedí un reembolso y la empresa nunca devolvió el dinero. Es una falta de respeto al cliente.","808,0202",808
"Estoy muy satisfecho porque el paquete llegó en perfectas condiciones, sin daños en la caja ni derrames en las cápsulas. No puedo creer lo fácil que es comprar en línea, sin errores en su sitio web.","9101,9501","9101,9501,9201"
"Estoy muy satisfecho porque el paquete llegó en perfectas condiciones, sin daños en la caja ni derrames en las cápsulas. La cafetera no tiene presión ni después de la reparación.","9101,0401","9101,9101,0401"
"Estoy muy satisfecho porque el paquete llegó en perfectas condiciones, sin daños en la caja ni derrames en las cápsulas. Aprecio mucho la oportunidad de probar cafés de edición especial en la tienda.","9101,9702","9101,9201,9201"
Estoy muy insatisfecho con el servicio de mensajería DHL debido a entregas incorrectas y tardías.,104,104
Estoy muy decepcionado porque el paquete llegó roto y algunas cápsulas se derramaron.,101,101
Estoy muy contento con mi nueva máquina Vertuo Plus.,9401,9201
Estoy molesto porque falta una pieza importante en mi pedido y no puedo utilizar el producto.,103,103
"Estoy esperando mi cafetera desde hace mucho tiempo, y el retraso en la entrega está arruinando mi entusiasmo. Encantado por recibir la bolsa de reciclaje.","102,9301","102,9301"
"Estoy esperando mi cafetera desde hace mucho tiempo, y el retraso en la entrega está arruinando mi entusiasmo.",102,102
Estoy decepcionado por la falta de cumplimiento en la entrega del servicio técnico de reparación.,403,406
Estoy decepcionado por la falta de cumplimiento en la entrega de las reparaciones del servicio técnico.,403,401
Estos productos merecen ser más accesibles en términos de precio.,201,201
Estos productos deberían ser más asequibles para llegar a más personas.,201,201
"Esperaba mejores beneficios como cliente de larga data en Nespresso, pero me siento ignorado. La demora en la comunicación con el servicio técnico ha afectado negativamente mi lealtad hacia la marca de café.","204,0404",204
Es una vergüenza que el servicio técnico sea tan ineficiente y decepcionante.,406,406
"Es una pesadilla tratar de hacer un pedido en línea, el proceso de compra es complicado y frustrante. Me parece una opción poco ecológica","501,0302","0201,0203,0302"
es un producto de precio elevado,201,201
"Es un placer tratar de hacer un pedido en línea, el proceso de compra es sencillo y agradable. No puedo creer lo costosos que son estos productos. Es un robo.","9501,0201","201,0201"
"Es un placer tratar de hacer un pedido en línea, el proceso de compra es sencillo y agradable. Los dependientes aquí están completamente enfocados en satisfacer las necesidades de los clientes en las boutiques de Nespresso.","9501,9701","9701,9201,9501"
"Es un placer tratar de hacer un pedido en línea, el proceso de compra es sencillo y agradable. Disfruto del rico sabor y la variedad de opciones que ofrece.","9501,9201","9201,9501,9201"
Es triste ver cómo la calidad del servicio técnico ha caído tan bajo.,406,406
Es triste que en estas tiendas de café la degustación sea una experiencia tan poco gratificante. La renovación automática de la suscripción fue una sorpresa desagradable. Falta de transparencia total.,"702,0501","0206,0202,0202"
Es triste que en estas tiendas de café la degustación sea una experiencia tan poco gratificante. Encantado por recibir la bolsa de reciclaje.,"702,9301","702,0301"
Es la tercera vez que tengo que enviar la máquina en menos de 6 meses a reparar u cada vez que falla pierdo varias capsulas de café además del trastorno que conlleva tener que enviarla tantas veces en tan poco tiempo tenemos que estar pendientes de la recogida dem transporte,207,"0401,0401,0401,0404"
Es la mejor manera de tomar buen café y rápido.,9201,9201
"Es gratificante experimentar una atención tan sobresaliente en tiendas como Amazon, que ofrecen productos de esta marca. Las aplicaciones de esta marca de café son tan estables que nunca se bloquean.","9601,9501","9601,9201"
Es frustrante usar una aplicación tan deficiente como esta de la marca de café.,501,501
Es evidente que el personal en las tiendas de Nespresso no está adecuadamente calificado para brindar un buen servicio.,701,701
Error tras error,95,406
Envié una máquina a reparar al servicio técnico y llegó con más problemas de los enviados. Además la máquina de cortesía llegó en mal estado por lo que no se pudo utilizar.,"401,0405","401,0405"
Encantado por recibir la bolsa de reciclaje. Estoy muy molesto porque el repartidor no entregó el paquete en el horario acordado.,"9301,0104","9301,0102"
"En tienda física, sería genial que los empleados continuaran ofreciendo muestras de café como antes de la pandemia.",702,9702
"En la tienda Nespresso del centro de la ciudad, siempre recibo consejos excelentes y un trato cordial.",9701,9701
"En dos ocasiones, tuve que llamar a Nespresso, y en ambas ocasiones la situación no se resolvió adecuadamente.",808,808
En algunas tiendas ya no ofrecen café de cortesía como solían hacerlo.,702,702
"El unico problema es la parte ecologica El café no sale muy caliente , está es la pega que yo veo","302,0208","0301,0206,0206"
"El transporte pesimo, tarde  e incompleto",104,102
El tiempo de entrega demasiado largo,102,102
El servicio técnico me atiende mal,404,406
"El servicio técnico es un verdadero lastre, no cumplen con sus promesas.",406,406
El servicio de reparación no informa bien,404,404
"El servicio de entrega cumplió puntualmente el plazo de entrega prometido, lo cual es muy satisfactorio.",9101,9101
El servicio al cliente de MediaMarkt fue poco atento cuando reporté un defecto en mi máquina.,601,601
El repartidor de MRW entregó mi paquete tarde y no ofreció ninguna explicación o disculpa.,104,102
"El programa de puntos de la marca me permite obtener fantásticos obsequios. Mi pedido se ha retrasado dos veces consecutivas, y ya no confío en que llegue a tiempo.","9203,0102","0202,0102,0102"
El profesionalismo y la amabilidad de los representantes en El Corte Inglés son altamente apreciados.,9601,9601
El proceso para modificar el plan de suscripción es tedioso y consume mucho tiempo.,205,205
El personal de la boutique de Nespresso en Argüelles no cumplió con las expectativas de servicio al cliente.,701,701
"El pedido llegó con una pieza faltante, y esto afecta gravemente su funcionalidad. Nespresso & you promete cuidar a sus clientes, pero no veo evidencia de eso como cliente de mucho tiempo.","103,0204",103
"El pedido llegó con una pieza faltante, y esto afecta gravemente su funcionalidad. Compré una cafetera y cuando llegó, la caja estaba rota y el asa de la cafetera estaba partida en dos. ¿Qué tipo de servicio es este?","103,0101",103
El paquete llegó aplastado y el contenido estaba dañado. Estoy muy decepcionado con el estado en el que llegó mi cafetera. La profesionalidad y amabilidad de los dependientes en las tiendas de Nespresso son altamente apreciadas.,"101,9701","0101,0101,9701"
El equipo de Nespresso en Alicante es de 10.,9701,9701
El Corte Inglés me vendió una máquina de café que no cumple con las expectativas.,601,601
"El compromiso y la dedicación de los dependientes en las tiendas de Nespresso son evidentes y son un punto fuerte constante. La caferera vertuo no me gusta, sale el cafe frio","9701,0207","9701,0207"
El café es caro,201,201
Disfruto del rico sabor y la variedad de opciones que ofrece. Fue reconfortante descubrir que la caja de mi cafetera llegó en perfecto estado. Esta es una señal de un servicio de entrega cuidadoso y confiable.,"9201,9101","9201,9101,9101"
"Disfruté mucho probando la variedad limitada de café, una experiencia única que siempre busco. Los anuncios son engañosos. La empresa promete cosas que no cumple.","9702,0203","203,0202"
Disfrutar de Nespresso es una forma deliciosa de apoyar la causa de la sostenibilidad.,9301,9301
"Después de la reparación, mi cafetera ha recuperado su presión adecuada. Me atendieron fatal en corte inglés","9401,0601","9401,0601"
"Desde el 14/12/2021, he estado tratando de que solucionen una avería, pero la respuesta ha sido extremadamente lenta.",808,404
"Debido al problema de sostenibilidad de las cápsulas no puedo recomendar como merecería el producto. El proceso de recoger mi máquina para repararla lleva una eternidad, esto es inaceptable.","302,0402","0301,0402,0402"
Compré una cafetera en El Corte Inglés y ahora me enfrento a problemas constantes con ella.,601,601
"Compré un producto basado en su publicidad, pero resultó ser una decepción total.",203,203
"Compré un juego de cafeteras y cápsulas, y el paquete llegó en excelente estado, sin signos de maltrato en absoluto.",9101,9101
"Cometieron un error en mi pedido y en lugar de las cápsulas de café que pedí, recibí tazas de café. Eso no es lo que esperaba.",103,103
"Cada vez que visito la tienda Nespresso, me impresiona la limpieza y el orden del lugar. Compré una cafetera y cuando llegó, la caja estaba rota y el asa de la cafetera estaba partida en dos. ¿Qué tipo de servicio es este?","9701,0101","101,0101"
"Cada vez que interactúo con Nespresso, la atención y el servicio son perfectos. El servicio técnico ha solucionado el problema de mi cafetera con las cápsulas, y ahora funciona sin problemas.","9801,9401",9401
"Cada vez que intento comprar en línea, me encuentro con problemas técnicos en su sitio web. Me atendieron de manera excelente en El Corte Inglés.","501,9601","601,9601"
Cada botella de plástico que reciclamos hace la diferencia.,9301,9301
Buen trato y calidad del producto,"9801,9201","9201,9501"
Aprecio mucho las ofertas exclusivas para miembros del club de café. La demora en la entrega de las reparaciones es frustrante.,"9203,0403","202,0402"
Admirable cómo la campaña publicitaria ha creado un nuevo segmento de clientes. Me alegra que mi cafetera ya no haga ruido después de la reparación.,"9202,9401","9201,9401"
"A pesar de ser cliente de Nespresso durante años, no recibo ningún trato especial. ¿Dónde está la lealtad? Vivo en Segovia y no tengo ninguna manera de reciclar las cápsulas. Eso no me gusta nada.","204,0301","204,0301"